index_v1;symbole;code_unicode;script;motif
189;ŉ;U+0149;Latin;variante NFKC non attestée
784;ẛ;U+1E9B;Latin;variante NFKC non attestée
886;K;U+212A;Latin;doublon NFC
887;Å;U+212B;Latin;doublon NFC
922;Ꜣ;U+A722;Latin;latin égyptologique
923;ꜣ;U+A723;Latin;latin égyptologique
924;Ꜥ;U+A724;Latin;latin égyptologique
925;ꜥ;U+A725;Latin;latin égyptologique
928;Ꜩ;U+A728;Latin;latin maya colonial
929;ꜩ;U+A729;Latin;latin maya colonial
930;Ꜫ;U+A72A;Latin;latin maya colonial
931;ꜫ;U+A72B;Latin;latin maya colonial
932;Ꜭ;U+A72C;Latin;latin maya colonial
933;ꜭ;U+A72D;Latin;latin maya colonial
934;Ꜯ;U+A72E;Latin;latin maya colonial
935;ꜯ;U+A72F;Latin;latin maya colonial
938;Ꜳ;U+A732;Latin;latin médiéval
939;ꜳ;U+A733;Latin;latin médiéval
940;Ꜵ;U+A734;Latin;latin médiéval
941;ꜵ;U+A735;Latin;latin médiéval
942;Ꜷ;U+A736;Latin;latin médiéval
943;ꜷ;U+A737;Latin;latin médiéval
944;Ꜹ;U+A738;Latin;latin médiéval
945;ꜹ;U+A739;Latin;latin médiéval
946;Ꜻ;U+A73A;Latin;latin médiéval
947;ꜻ;U+A73B;Latin;latin médiéval
948;Ꜽ;U+A73C;Latin;latin médiéval
949;ꜽ;U+A73D;Latin;latin médiéval
950;Ꜿ;U+A73E;Latin;latin médiéval
951;ꜿ;U+A73F;Latin;latin médiéval
952;Ꝁ;U+A740;Latin;latin médiéval
953;ꝁ;U+A741;Latin;latin médiéval
954;Ꝃ;U+A742;Latin;latin médiéval
955;ꝃ;U+A743;Latin;latin médiéval
956;Ꝅ;U+A744;Latin;latin médiéval
957;ꝅ;U+A745;Latin;latin médiéval
958;Ꝇ;U+A746;Latin;latin médiéval
959;ꝇ;U+A747;Latin;latin médiéval
960;Ꝉ;U+A748;Latin;latin médiéval
961;ꝉ;U+A749;Latin;latin médiéval
962;Ꝋ;U+A74A;Latin;latin médiéval
963;ꝋ;U+A74B;Latin;latin médiéval
964;Ꝍ;U+A74C;Latin;latin médiéval
965;ꝍ;U+A74D;Latin;latin médiéval
966;Ꝏ;U+A74E;Latin;latin médiéval
967;ꝏ;U+A74F;Latin;latin médiéval
968;Ꝑ;U+A750;Latin;latin médiéval
969;ꝑ;U+A751;Latin;latin médiéval
970;Ꝓ;U+A752;Latin;latin médiéval
971;ꝓ;U+A753;Latin;latin médiéval
972;Ꝕ;U+A754;Latin;latin médiéval
973;ꝕ;U+A755;Latin;latin médiéval
974;Ꝗ;U+A756;Latin;latin médiéval
975;ꝗ;U+A757;Latin;latin médiéval
976;Ꝙ;U+A758;Latin;latin médiéval
977;ꝙ;U+A759;Latin;latin médiéval
978;Ꝛ;U+A75A;Latin;latin médiéval
979;ꝛ;U+A75B;Latin;latin médiéval
980;Ꝝ;U+A75C;Latin;latin médiéval
981;ꝝ;U+A75D;Latin;latin médiéval
982;Ꝟ;U+A75E;Latin;latin médiéval
983;ꝟ;U+A75F;Latin;latin médiéval
984;Ꝡ;U+A760;Latin;latin médiéval
985;ꝡ;U+A761;Latin;latin médiéval
986;Ꝣ;U+A762;Latin;latin médiéval
987;ꝣ;U+A763;Latin;latin médiéval
988;Ꝥ;U+A764;Latin;latin médiéval
989;ꝥ;U+A765;Latin;latin médiéval
990;Ꝧ;U+A766;Latin;latin médiéval
991;ꝧ;U+A767;Latin;latin médiéval
992;Ꝩ;U+A768;Latin;latin médiéval
993;ꝩ;U+A769;Latin;latin médiéval
994;Ꝫ;U+A76A;Latin;latin médiéval
995;ꝫ;U+A76B;Latin;latin médiéval
996;Ꝭ;U+A76C;Latin;latin médiéval
997;ꝭ;U+A76D;Latin;latin médiéval
998;Ꝯ;U+A76E;Latin;latin médiéval
999;ꝯ;U+A76F;Latin;latin médiéval
1000;ꝱ;U+A771;Latin;latin médiéval
1001;ꝲ;U+A772;Latin;latin médiéval
1002;ꝳ;U+A773;Latin;latin médiéval
1003;ꝴ;U+A774;Latin;latin médiéval
1004;ꝵ;U+A775;Latin;latin médiéval
1005;ꝶ;U+A776;Latin;latin médiéval
1006;ꝷ;U+A777;Latin;latin médiéval
1007;ꝸ;U+A778;Latin;latin médiéval
1008;Ꝺ;U+A779;Latin;latin insulaire/celtisant
1009;ꝺ;U+A77A;Latin;latin insulaire/celtisant
1010;Ꝼ;U+A77B;Latin;latin insulaire/celtisant
1011;ꝼ;U+A77C;Latin;latin insulaire/celtisant
1012;Ᵹ;U+A77D;Latin;latin insulaire/celtisant
1013;Ꝿ;U+A77E;Latin;latin insulaire/celtisant
1014;ꝿ;U+A77F;Latin;latin insulaire/celtisant
1015;Ꞁ;U+A780;Latin;latin insulaire/celtisant
1016;ꞁ;U+A781;Latin;latin insulaire/celtisant
1017;Ꞃ;U+A782;Latin;latin insulaire/celtisant
1018;ꞃ;U+A783;Latin;latin insulaire/celtisant
1019;Ꞅ;U+A784;Latin;latin insulaire/celtisant
1020;ꞅ;U+A785;Latin;latin insulaire/celtisant
1021;Ꞇ;U+A786;Latin;latin insulaire/celtisant
1022;ꞇ;U+A787;Latin;latin insulaire/celtisant
1034;Ꞗ;U+A796;Latin;latin médiéval
1035;ꞗ;U+A797;Latin;latin médiéval
1036;Ꞙ;U+A798;Latin;latin médiéval
1037;ꞙ;U+A799;Latin;latin médiéval
1070;Ꞻ;U+A7BA;Latin;latin égyptologique
1071;ꞻ;U+A7BB;Latin;latin égyptologique
1072;Ꞽ;U+A7BC;Latin;latin égyptologique
1073;ꞽ;U+A7BD;Latin;latin égyptologique
1074;Ꞿ;U+A7BE;Latin;latin égyptologique
1075;ꞿ;U+A7BF;Latin;latin égyptologique
1076;Ꟁ;U+A7C0;Latin;latin médiéval
1077;ꟁ;U+A7C1;Latin;latin médiéval
1078;Ꟃ;U+A7C2;Latin;latin médiéval
1079;ꟃ;U+A7C3;Latin;latin médiéval
1092;Ꟑ;U+A7D0;Latin;latin médiéval
1093;ꟑ;U+A7D1;Latin;latin médiéval
1094;꟒;U+A7D2;Latin;latin médiéval
1095;ꟓ;U+A7D3;Latin;latin médiéval
1096;꟔;U+A7D4;Latin;latin médiéval
1097;ꟕ;U+A7D5;Latin;latin médiéval
1098;Ꟗ;U+A7D6;Latin;latin médiéval
1099;ꟗ;U+A7D7;Latin;latin médiéval
1100;Ꟙ;U+A7D8;Latin;latin médiéval
1101;ꟙ;U+A7D9;Latin;latin médiéval
1105;Ꟶ;U+A7F5;Latin;latin épigraphique
1106;ꟶ;U+A7F6;Latin;latin épigraphique
1107;ꟷ;U+A7F7;Latin;latin épigraphique
1109;ꟻ;U+A7FB;Latin;latin épigraphique
1110;ꟼ;U+A7FC;Latin;latin épigraphique
1111;ꟽ;U+A7FD;Latin;latin épigraphique
1112;ꟾ;U+A7FE;Latin;latin épigraphique
1113;ꟿ;U+A7FF;Latin;latin épigraphique
1283;ϓ;U+03D3;Grec;variante NFKC non attestée
1284;ϔ;U+03D4;Grec;variante NFKC non attestée
1411;ά;U+1F71;Grec;doublon NFC
1413;έ;U+1F73;Grec;doublon NFC
1415;ή;U+1F75;Grec;doublon NFC
1417;ί;U+1F77;Grec;doublon NFC
1419;ό;U+1F79;Grec;doublon NFC
1421;ύ;U+1F7B;Grec;doublon NFC
1423;ώ;U+1F7D;Grec;doublon NFC
1482;Ά;U+1FBB;Grec;doublon NFC
1484;ι;U+1FBE;Grec;doublon NFC
1491;Έ;U+1FC9;Grec;doublon NFC
1493;Ή;U+1FCB;Grec;doublon NFC
1498;ΐ;U+1FD3;Grec;doublon NFC
1504;Ί;U+1FDB;Grec;doublon NFC
1508;ΰ;U+1FE3;Grec;doublon NFC
1516;Ύ;U+1FEB;Grec;doublon NFC
1524;Ό;U+1FF9;Grec;doublon NFC
1526;Ώ;U+1FFB;Grec;doublon NFC
1528;Ω;U+2126;Grec;doublon NFC
1666;҈;U+0488;Cyrillique;signe numérique slavon
1667;҉;U+0489;Cyrillique;signe numérique slavon
1926;꙰;U+A670;Cyrillique;signe numérique slavon
1927;꙱;U+A671;Cyrillique;signe numérique slavon
1928;꙲;U+A672;Cyrillique;signe numérique slavon
2458;יִ;U+FB1D;Hébreu;doublon NFC
2460;ײַ;U+FB1F;Hébreu;doublon NFC
2461;שׁ;U+FB2A;Hébreu;doublon NFC
2462;שׂ;U+FB2B;Hébreu;doublon NFC
2463;שּׁ;U+FB2C;Hébreu;doublon NFC
2464;שּׂ;U+FB2D;Hébreu;doublon NFC
2465;אַ;U+FB2E;Hébreu;doublon NFC
2466;אָ;U+FB2F;Hébreu;doublon NFC
2467;אּ;U+FB30;Hébreu;doublon NFC
2468;בּ;U+FB31;Hébreu;doublon NFC
2469;גּ;U+FB32;Hébreu;doublon NFC
2470;דּ;U+FB33;Hébreu;doublon NFC
2471;הּ;U+FB34;Hébreu;doublon NFC
2472;וּ;U+FB35;Hébreu;doublon NFC
2473;זּ;U+FB36;Hébreu;doublon NFC
2474;טּ;U+FB38;Hébreu;doublon NFC
2475;יּ;U+FB39;Hébreu;doublon NFC
2476;ךּ;U+FB3A;Hébreu;doublon NFC
2477;כּ;U+FB3B;Hébreu;doublon NFC
2478;לּ;U+FB3C;Hébreu;doublon NFC
2479;מּ;U+FB3E;Hébreu;doublon NFC
2480;נּ;U+FB40;Hébreu;doublon NFC
2481;סּ;U+FB41;Hébreu;doublon NFC
2482;ףּ;U+FB43;Hébreu;doublon NFC
2483;פּ;U+FB44;Hébreu;doublon NFC
2484;צּ;U+FB46;Hébreu;doublon NFC
2485;קּ;U+FB47;Hébreu;doublon NFC
2486;רּ;U+FB48;Hébreu;doublon NFC
2487;שּ;U+FB49;Hébreu;doublon NFC
2488;תּ;U+FB4A;Hébreu;doublon NFC
2489;וֹ;U+FB4B;Hébreu;doublon NFC
2490;בֿ;U+FB4C;Hébreu;doublon NFC
2491;כֿ;U+FB4D;Hébreu;doublon NFC
2492;פֿ;U+FB4E;Hébreu;doublon NFC
2577;क़;U+0958;Devanagari;doublon NFC
2578;ख़;U+0959;Devanagari;doublon NFC
2579;ग़;U+095A;Devanagari;doublon NFC
2580;ज़;U+095B;Devanagari;doublon NFC
2581;ड़;U+095C;Devanagari;doublon NFC
2582;ढ़;U+095D;Devanagari;doublon NFC
2583;फ़;U+095E;Devanagari;doublon NFC
2584;य़;U+095F;Devanagari;doublon NFC
13064;𛀁;U+1B001;Hiragana;hentaigana ou kana archaïque
13065;𛀂;U+1B002;Hiragana;hentaigana ou kana archaïque
13066;𛀃;U+1B003;Hiragana;hentaigana ou kana archaïque
13067;𛀄;U+1B004;Hiragana;hentaigana ou kana archaïque
13068;𛀅;U+1B005;Hiragana;hentaigana ou kana archaïque
13069;𛀆;U+1B006;Hiragana;hentaigana ou kana archaïque
13070;𛀇;U+1B007;Hiragana;hentaigana ou kana archaïque
13071;𛀈;U+1B008;Hiragana;hentaigana ou kana archaïque
13072;𛀉;U+1B009;Hiragana;hentaigana ou kana archaïque
13073;𛀊;U+1B00A;Hiragana;hentaigana ou kana archaïque
13074;𛀋;U+1B00B;Hiragana;hentaigana ou kana archaïque
13075;𛀌;U+1B00C;Hiragana;hentaigana ou kana archaïque
13076;𛀍;U+1B00D;Hiragana;hentaigana ou kana archaïque
13077;𛀎;U+1B00E;Hiragana;hentaigana ou kana archaïque
13078;𛀏;U+1B00F;Hiragana;hentaigana ou kana archaïque
13079;𛀐;U+1B010;Hiragana;hentaigana ou kana archaïque
13080;𛀑;U+1B011;Hiragana;hentaigana ou kana archaïque
13081;𛀒;U+1B012;Hiragana;hentaigana ou kana archaïque
13082;𛀓;U+1B013;Hiragana;hentaigana ou kana archaïque
13083;𛀔;U+1B014;Hiragana;hentaigana ou kana archaïque
13084;𛀕;U+1B015;Hiragana;hentaigana ou kana archaïque
13085;𛀖;U+1B016;Hiragana;hentaigana ou kana archaïque
13086;𛀗;U+1B017;Hiragana;hentaigana ou kana archaïque
13087;𛀘;U+1B018;Hiragana;hentaigana ou kana archaïque
13088;𛀙;U+1B019;Hiragana;hentaigana ou kana archaïque
13089;𛀚;U+1B01A;Hiragana;hentaigana ou kana archaïque
13090;𛀛;U+1B01B;Hiragana;hentaigana ou kana archaïque
13091;𛀜;U+1B01C;Hiragana;hentaigana ou kana archaïque
13092;𛀝;U+1B01D;Hiragana;hentaigana ou kana archaïque
13093;𛀞;U+1B01E;Hiragana;hentaigana ou kana archaïque
13094;𛀟;U+1B01F;Hiragana;hentaigana ou kana archaïque
13095;𛀠;U+1B020;Hiragana;hentaigana ou kana archaïque
13096;𛀡;U+1B021;Hiragana;hentaigana ou kana archaïque
13097;𛀢;U+1B022;Hiragana;hentaigana ou kana archaïque
13098;𛀣;U+1B023;Hiragana;hentaigana ou kana archaïque
13099;𛀤;U+1B024;Hiragana;hentaigana ou kana archaïque
13100;𛀥;U+1B025;Hiragana;hentaigana ou kana archaïque
13101;𛀦;U+1B026;Hiragana;hentaigana ou kana archaïque
13102;𛀧;U+1B027;Hiragana;hentaigana ou kana archaïque
13103;𛀨;U+1B028;Hiragana;hentaigana ou kana archaïque
13104;𛀩;U+1B029;Hiragana;hentaigana ou kana archaïque
13105;𛀪;U+1B02A;Hiragana;hentaigana ou kana archaïque
13106;𛀫;U+1B02B;Hiragana;hentaigana ou kana archaïque
13107;𛀬;U+1B02C;Hiragana;hentaigana ou kana archaïque
13108;𛀭;U+1B02D;Hiragana;hentaigana ou kana archaïque
13109;𛀮;U+1B02E;Hiragana;hentaigana ou kana archaïque
13110;𛀯;U+1B02F;Hiragana;hentaigana ou kana archaïque
13111;𛀰;U+1B030;Hiragana;hentaigana ou kana archaïque
13112;𛀱;U+1B031;Hiragana;hentaigana ou kana archaïque
13113;𛀲;U+1B032;Hiragana;hentaigana ou kana archaïque
13114;𛀳;U+1B033;Hiragana;hentaigana ou kana archaïque
13115;𛀴;U+1B034;Hiragana;hentaigana ou kana archaïque
13116;𛀵;U+1B035;Hiragana;hentaigana ou kana archaïque
13117;𛀶;U+1B036;Hiragana;hentaigana ou kana archaïque
13118;𛀷;U+1B037;Hiragana;hentaigana ou kana archaïque
13119;𛀸;U+1B038;Hiragana;hentaigana ou kana archaïque
13120;𛀹;U+1B039;Hiragana;hentaigana ou kana archaïque
13121;𛀺;U+1B03A;Hiragana;hentaigana ou kana archaïque
13122;𛀻;U+1B03B;Hiragana;hentaigana ou kana archaïque
13123;𛀼;U+1B03C;Hiragana;hentaigana ou kana archaïque
13124;𛀽;U+1B03D;Hiragana;hentaigana ou kana archaïque
13125;𛀾;U+1B03E;Hiragana;hentaigana ou kana archaïque
13126;𛀿;U+1B03F;Hiragana;hentaigana ou kana archaïque
13127;𛁀;U+1B040;Hiragana;hentaigana ou kana archaïque
13128;𛁁;U+1B041;Hiragana;hentaigana ou kana archaïque
13129;𛁂;U+1B042;Hiragana;hentaigana ou kana archaïque
13130;𛁃;U+1B043;Hiragana;hentaigana ou kana archaïque
13131;𛁄;U+1B044;Hiragana;hentaigana ou kana archaïque
13132;𛁅;U+1B045;Hiragana;hentaigana ou kana archaïque
13133;𛁆;U+1B046;Hiragana;hentaigana ou kana archaïque
13134;𛁇;U+1B047;Hiragana;hentaigana ou kana archaïque
13135;𛁈;U+1B048;Hiragana;hentaigana ou kana archaïque
13136;𛁉;U+1B049;Hiragana;hentaigana ou kana archaïque
13137;𛁊;U+1B04A;Hiragana;hentaigana ou kana archaïque
13138;𛁋;U+1B04B;Hiragana;hentaigana ou kana archaïque
13139;𛁌;U+1B04C;Hiragana;hentaigana ou kana archaïque
13140;𛁍;U+1B04D;Hiragana;hentaigana ou kana archaïque
13141;𛁎;U+1B04E;Hiragana;hentaigana ou kana archaïque
13142;𛁏;U+1B04F;Hiragana;hentaigana ou kana archaïque
13143;𛁐;U+1B050;Hiragana;hentaigana ou kana archaïque
13144;𛁑;U+1B051;Hiragana;hentaigana ou kana archaïque
13145;𛁒;U+1B052;Hiragana;hentaigana ou kana archaïque
13146;𛁓;U+1B053;Hiragana;hentaigana ou kana archaïque
13147;𛁔;U+1B054;Hiragana;hentaigana ou kana archaïque
13148;𛁕;U+1B055;Hiragana;hentaigana ou kana archaïque
13149;𛁖;U+1B056;Hiragana;hentaigana ou kana archaïque
13150;𛁗;U+1B057;Hiragana;hentaigana ou kana archaïque
13151;𛁘;U+1B058;Hiragana;hentaigana ou kana archaïque
13152;𛁙;U+1B059;Hiragana;hentaigana ou kana archaïque
13153;𛁚;U+1B05A;Hiragana;hentaigana ou kana archaïque
13154;𛁛;U+1B05B;Hiragana;hentaigana ou kana archaïque
13155;𛁜;U+1B05C;Hiragana;hentaigana ou kana archaïque
13156;𛁝;U+1B05D;Hiragana;hentaigana ou kana archaïque
13157;𛁞;U+1B05E;Hiragana;hentaigana ou kana archaïque
13158;𛁟;U+1B05F;Hiragana;hentaigana ou kana archaïque
13159;𛁠;U+1B060;Hiragana;hentaigana ou kana archaïque
13160;𛁡;U+1B061;Hiragana;hentaigana ou kana archaïque
13161;𛁢;U+1B062;Hiragana;hentaigana ou kana archaïque
13162;𛁣;U+1B063;Hiragana;hentaigana ou kana archaïque
13163;𛁤;U+1B064;Hiragana;hentaigana ou kana archaïque
13164;𛁥;U+1B065;Hiragana;hentaigana ou kana archaïque
13165;𛁦;U+1B066;Hiragana;hentaigana ou kana archaïque
13166;𛁧;U+1B067;Hiragana;hentaigana ou kana archaïque
13167;𛁨;U+1B068;Hiragana;hentaigana ou kana archaïque
13168;𛁩;U+1B069;Hiragana;hentaigana ou kana archaïque
13169;𛁪;U+1B06A;Hiragana;hentaigana ou kana archaïque
13170;𛁫;U+1B06B;Hiragana;hentaigana ou kana archaïque
13171;𛁬;U+1B06C;Hiragana;hentaigana ou kana archaïque
13172;𛁭;U+1B06D;Hiragana;hentaigana ou kana archaïque
13173;𛁮;U+1B06E;Hiragana;hentaigana ou kana archaïque
13174;𛁯;U+1B06F;Hiragana;hentaigana ou kana archaïque
13175;𛁰;U+1B070;Hiragana;hentaigana ou kana archaïque
13176;𛁱;U+1B071;Hiragana;hentaigana ou kana archaïque
13177;𛁲;U+1B072;Hiragana;hentaigana ou kana archaïque
13178;𛁳;U+1B073;Hiragana;hentaigana ou kana archaïque
13179;𛁴;U+1B074;Hiragana;hentaigana ou kana archaïque
13180;𛁵;U+1B075;Hiragana;hentaigana ou kana archaïque
13181;𛁶;U+1B076;Hiragana;hentaigana ou kana archaïque
13182;𛁷;U+1B077;Hiragana;hentaigana ou kana archaïque
13183;𛁸;U+1B078;Hiragana;hentaigana ou kana archaïque
13184;𛁹;U+1B079;Hiragana;hentaigana ou kana archaïque
13185;𛁺;U+1B07A;Hiragana;hentaigana ou kana archaïque
13186;𛁻;U+1B07B;Hiragana;hentaigana ou kana archaïque
13187;𛁼;U+1B07C;Hiragana;hentaigana ou kana archaïque
13188;𛁽;U+1B07D;Hiragana;hentaigana ou kana archaïque
13189;𛁾;U+1B07E;Hiragana;hentaigana ou kana archaïque
13190;𛁿;U+1B07F;Hiragana;hentaigana ou kana archaïque
13191;𛂀;U+1B080;Hiragana;hentaigana ou kana archaïque
13192;𛂁;U+1B081;Hiragana;hentaigana ou kana archaïque
13193;𛂂;U+1B082;Hiragana;hentaigana ou kana archaïque
13194;𛂃;U+1B083;Hiragana;hentaigana ou kana archaïque
13195;𛂄;U+1B084;Hiragana;hentaigana ou kana archaïque
13196;𛂅;U+1B085;Hiragana;hentaigana ou kana archaïque
13197;𛂆;U+1B086;Hiragana;hentaigana ou kana archaïque
13198;𛂇;U+1B087;Hiragana;hentaigana ou kana archaïque
13199;𛂈;U+1B088;Hiragana;hentaigana ou kana archaïque
13200;𛂉;U+1B089;Hiragana;hentaigana ou kana archaïque
13201;𛂊;U+1B08A;Hiragana;hentaigana ou kana archaïque
13202;𛂋;U+1B08B;Hiragana;hentaigana ou kana archaïque
13203;𛂌;U+1B08C;Hiragana;hentaigana ou kana archaïque
13204;𛂍;U+1B08D;Hiragana;hentaigana ou kana archaïque
13205;𛂎;U+1B08E;Hiragana;hentaigana ou kana archaïque
13206;𛂏;U+1B08F;Hiragana;hentaigana ou kana archaïque
13207;𛂐;U+1B090;Hiragana;hentaigana ou kana archaïque
13208;𛂑;U+1B091;Hiragana;hentaigana ou kana archaïque
13209;𛂒;U+1B092;Hiragana;hentaigana ou kana archaïque
13210;𛂓;U+1B093;Hiragana;hentaigana ou kana archaïque
13211;𛂔;U+1B094;Hiragana;hentaigana ou kana archaïque
13212;𛂕;U+1B095;Hiragana;hentaigana ou kana archaïque
13213;𛂖;U+1B096;Hiragana;hentaigana ou kana archaïque
13214;𛂗;U+1B097;Hiragana;hentaigana ou kana archaïque
13215;𛂘;U+1B098;Hiragana;hentaigana ou kana archaïque
13216;𛂙;U+1B099;Hiragana;hentaigana ou kana archaïque
13217;𛂚;U+1B09A;Hiragana;hentaigana ou kana archaïque
13218;𛂛;U+1B09B;Hiragana;hentaigana ou kana archaïque
13219;𛂜;U+1B09C;Hiragana;hentaigana ou kana archaïque
13220;𛂝;U+1B09D;Hiragana;hentaigana ou kana archaïque
13221;𛂞;U+1B09E;Hiragana;hentaigana ou kana archaïque
13222;𛂟;U+1B09F;Hiragana;hentaigana ou kana archaïque
13223;𛂠;U+1B0A0;Hiragana;hentaigana ou kana archaïque
13224;𛂡;U+1B0A1;Hiragana;hentaigana ou kana archaïque
13225;𛂢;U+1B0A2;Hiragana;hentaigana ou kana archaïque
13226;𛂣;U+1B0A3;Hiragana;hentaigana ou kana archaïque
13227;𛂤;U+1B0A4;Hiragana;hentaigana ou kana archaïque
13228;𛂥;U+1B0A5;Hiragana;hentaigana ou kana archaïque
13229;𛂦;U+1B0A6;Hiragana;hentaigana ou kana archaïque
13230;𛂧;U+1B0A7;Hiragana;hentaigana ou kana archaïque
13231;𛂨;U+1B0A8;Hiragana;hentaigana ou kana archaïque
13232;𛂩;U+1B0A9;Hiragana;hentaigana ou kana archaïque
13233;𛂪;U+1B0AA;Hiragana;hentaigana ou kana archaïque
13234;𛂫;U+1B0AB;Hiragana;hentaigana ou kana archaïque
13235;𛂬;U+1B0AC;Hiragana;hentaigana ou kana archaïque
13236;𛂭;U+1B0AD;Hiragana;hentaigana ou kana archaïque
13237;𛂮;U+1B0AE;Hiragana;hentaigana ou kana archaïque
13238;𛂯;U+1B0AF;Hiragana;hentaigana ou kana archaïque
13239;𛂰;U+1B0B0;Hiragana;hentaigana ou kana archaïque
13240;𛂱;U+1B0B1;Hiragana;hentaigana ou kana archaïque
13241;𛂲;U+1B0B2;Hiragana;hentaigana ou kana archaïque
13242;𛂳;U+1B0B3;Hiragana;hentaigana ou kana archaïque
13243;𛂴;U+1B0B4;Hiragana;hentaigana ou kana archaïque
13244;𛂵;U+1B0B5;Hiragana;hentaigana ou kana archaïque
13245;𛂶;U+1B0B6;Hiragana;hentaigana ou kana archaïque
13246;𛂷;U+1B0B7;Hiragana;hentaigana ou kana archaïque
13247;𛂸;U+1B0B8;Hiragana;hentaigana ou kana archaïque
13248;𛂹;U+1B0B9;Hiragana;hentaigana ou kana archaïque
13249;𛂺;U+1B0BA;Hiragana;hentaigana ou kana archaïque
13250;𛂻;U+1B0BB;Hiragana;hentaigana ou kana archaïque
13251;𛂼;U+1B0BC;Hiragana;hentaigana ou kana archaïque
13252;𛂽;U+1B0BD;Hiragana;hentaigana ou kana archaïque
13253;𛂾;U+1B0BE;Hiragana;hentaigana ou kana archaïque
13254;𛂿;U+1B0BF;Hiragana;hentaigana ou kana archaïque
13255;𛃀;U+1B0C0;Hiragana;hentaigana ou kana archaïque
13256;𛃁;U+1B0C1;Hiragana;hentaigana ou kana archaïque
13257;𛃂;U+1B0C2;Hiragana;hentaigana ou kana archaïque
13258;𛃃;U+1B0C3;Hiragana;hentaigana ou kana archaïque
13259;𛃄;U+1B0C4;Hiragana;hentaigana ou kana archaïque
13260;𛃅;U+1B0C5;Hiragana;hentaigana ou kana archaïque
13261;𛃆;U+1B0C6;Hiragana;hentaigana ou kana archaïque
13262;𛃇;U+1B0C7;Hiragana;hentaigana ou kana archaïque
13263;𛃈;U+1B0C8;Hiragana;hentaigana ou kana archaïque
13264;𛃉;U+1B0C9;Hiragana;hentaigana ou kana archaïque
13265;𛃊;U+1B0CA;Hiragana;hentaigana ou kana archaïque
13266;𛃋;U+1B0CB;Hiragana;hentaigana ou kana archaïque
13267;𛃌;U+1B0CC;Hiragana;hentaigana ou kana archaïque
13268;𛃍;U+1B0CD;Hiragana;hentaigana ou kana archaïque
13269;𛃎;U+1B0CE;Hiragana;hentaigana ou kana archaïque
13270;𛃏;U+1B0CF;Hiragana;hentaigana ou kana archaïque
13271;𛃐;U+1B0D0;Hiragana;hentaigana ou kana archaïque
13272;𛃑;U+1B0D1;Hiragana;hentaigana ou kana archaïque
13273;𛃒;U+1B0D2;Hiragana;hentaigana ou kana archaïque
13274;𛃓;U+1B0D3;Hiragana;hentaigana ou kana archaïque
13275;𛃔;U+1B0D4;Hiragana;hentaigana ou kana archaïque
13276;𛃕;U+1B0D5;Hiragana;hentaigana ou kana archaïque
13277;𛃖;U+1B0D6;Hiragana;hentaigana ou kana archaïque
13278;𛃗;U+1B0D7;Hiragana;hentaigana ou kana archaïque
13279;𛃘;U+1B0D8;Hiragana;hentaigana ou kana archaïque
13280;𛃙;U+1B0D9;Hiragana;hentaigana ou kana archaïque
13281;𛃚;U+1B0DA;Hiragana;hentaigana ou kana archaïque
13282;𛃛;U+1B0DB;Hiragana;hentaigana ou kana archaïque
13283;𛃜;U+1B0DC;Hiragana;hentaigana ou kana archaïque
13284;𛃝;U+1B0DD;Hiragana;hentaigana ou kana archaïque
13285;𛃞;U+1B0DE;Hiragana;hentaigana ou kana archaïque
13286;𛃟;U+1B0DF;Hiragana;hentaigana ou kana archaïque
13287;𛃠;U+1B0E0;Hiragana;hentaigana ou kana archaïque
13288;𛃡;U+1B0E1;Hiragana;hentaigana ou kana archaïque
13289;𛃢;U+1B0E2;Hiragana;hentaigana ou kana archaïque
13290;𛃣;U+1B0E3;Hiragana;hentaigana ou kana archaïque
13291;𛃤;U+1B0E4;Hiragana;hentaigana ou kana archaïque
13292;𛃥;U+1B0E5;Hiragana;hentaigana ou kana archaïque
13293;𛃦;U+1B0E6;Hiragana;hentaigana ou kana archaïque
13294;𛃧;U+1B0E7;Hiragana;hentaigana ou kana archaïque
13295;𛃨;U+1B0E8;Hiragana;hentaigana ou kana archaïque
13296;𛃩;U+1B0E9;Hiragana;hentaigana ou kana archaïque
13297;𛃪;U+1B0EA;Hiragana;hentaigana ou kana archaïque
13298;𛃫;U+1B0EB;Hiragana;hentaigana ou kana archaïque
13299;𛃬;U+1B0EC;Hiragana;hentaigana ou kana archaïque
13300;𛃭;U+1B0ED;Hiragana;hentaigana ou kana archaïque
13301;𛃮;U+1B0EE;Hiragana;hentaigana ou kana archaïque
13302;𛃯;U+1B0EF;Hiragana;hentaigana ou kana archaïque
13303;𛃰;U+1B0F0;Hiragana;hentaigana ou kana archaïque
13304;𛃱;U+1B0F1;Hiragana;hentaigana ou kana archaïque
13305;𛃲;U+1B0F2;Hiragana;hentaigana ou kana archaïque
13306;𛃳;U+1B0F3;Hiragana;hentaigana ou kana archaïque
13307;𛃴;U+1B0F4;Hiragana;hentaigana ou kana archaïque
13308;𛃵;U+1B0F5;Hiragana;hentaigana ou kana archaïque
13309;𛃶;U+1B0F6;Hiragana;hentaigana ou kana archaïque
13310;𛃷;U+1B0F7;Hiragana;hentaigana ou kana archaïque
13311;𛃸;U+1B0F8;Hiragana;hentaigana ou kana archaïque
13312;𛃹;U+1B0F9;Hiragana;hentaigana ou kana archaïque
13313;𛃺;U+1B0FA;Hiragana;hentaigana ou kana archaïque
13314;𛃻;U+1B0FB;Hiragana;hentaigana ou kana archaïque
13315;𛃼;U+1B0FC;Hiragana;hentaigana ou kana archaïque
13316;𛃽;U+1B0FD;Hiragana;hentaigana ou kana archaïque
13317;𛃾;U+1B0FE;Hiragana;hentaigana ou kana archaïque
13318;𛃿;U+1B0FF;Hiragana;hentaigana ou kana archaïque
13319;𛄀;U+1B100;Hiragana;hentaigana ou kana archaïque
13320;𛄁;U+1B101;Hiragana;hentaigana ou kana archaïque
13321;𛄂;U+1B102;Hiragana;hentaigana ou kana archaïque
13322;𛄃;U+1B103;Hiragana;hentaigana ou kana archaïque
13323;𛄄;U+1B104;Hiragana;hentaigana ou kana archaïque
13324;𛄅;U+1B105;Hiragana;hentaigana ou kana archaïque
13325;𛄆;U+1B106;Hiragana;hentaigana ou kana archaïque
13326;𛄇;U+1B107;Hiragana;hentaigana ou kana archaïque
13327;𛄈;U+1B108;Hiragana;hentaigana ou kana archaïque
13328;𛄉;U+1B109;Hiragana;hentaigana ou kana archaïque
13329;𛄊;U+1B10A;Hiragana;hentaigana ou kana archaïque
13330;𛄋;U+1B10B;Hiragana;hentaigana ou kana archaïque
13331;𛄌;U+1B10C;Hiragana;hentaigana ou kana archaïque
13332;𛄍;U+1B10D;Hiragana;hentaigana ou kana archaïque
13333;𛄎;U+1B10E;Hiragana;hentaigana ou kana archaïque
13334;𛄏;U+1B10F;Hiragana;hentaigana ou kana archaïque
13335;𛄐;U+1B110;Hiragana;hentaigana ou kana archaïque
13336;𛄑;U+1B111;Hiragana;hentaigana ou kana archaïque
13337;𛄒;U+1B112;Hiragana;hentaigana ou kana archaïque
13338;𛄓;U+1B113;Hiragana;hentaigana ou kana archaïque
13339;𛄔;U+1B114;Hiragana;hentaigana ou kana archaïque
13340;𛄕;U+1B115;Hiragana;hentaigana ou kana archaïque
13341;𛄖;U+1B116;Hiragana;hentaigana ou kana archaïque
13342;𛄗;U+1B117;Hiragana;hentaigana ou kana archaïque
13343;𛄘;U+1B118;Hiragana;hentaigana ou kana archaïque
13344;𛄙;U+1B119;Hiragana;hentaigana ou kana archaïque
13345;𛄚;U+1B11A;Hiragana;hentaigana ou kana archaïque
13346;𛄛;U+1B11B;Hiragana;hentaigana ou kana archaïque
13347;𛄜;U+1B11C;Hiragana;hentaigana ou kana archaïque
13348;𛄝;U+1B11D;Hiragana;hentaigana ou kana archaïque
13349;𛄞;U+1B11E;Hiragana;hentaigana ou kana archaïque
13350;𛄟;U+1B11F;Hiragana;hentaigana ou kana archaïque
13476;𛀀;U+1B000;Katakana;hentaigana ou kana archaïque
13477;𛄠;U+1B120;Katakana;hentaigana ou kana archaïque
13478;𛄡;U+1B121;Katakana;hentaigana ou kana archaïque
13479;𛄢;U+1B122;Katakana;hentaigana ou kana archaïque
16258;𖠀;U+16800;Bamoun;bamoun historique
16259;𖠁;U+16801;Bamoun;bamoun historique
16260;𖠂;U+16802;Bamoun;bamoun historique
16261;𖠃;U+16803;Bamoun;bamoun historique
16262;𖠄;U+16804;Bamoun;bamoun historique
16263;𖠅;U+16805;Bamoun;bamoun historique
16264;𖠆;U+16806;Bamoun;bamoun historique
16265;𖠇;U+16807;Bamoun;bamoun historique
16266;𖠈;U+16808;Bamoun;bamoun historique
16267;𖠉;U+16809;Bamoun;bamoun historique
16268;𖠊;U+1680A;Bamoun;bamoun historique
16269;𖠋;U+1680B;Bamoun;bamoun historique
16270;𖠌;U+1680C;Bamoun;bamoun historique
16271;𖠍;U+1680D;Bamoun;bamoun historique
16272;𖠎;U+1680E;Bamoun;bamoun historique
16273;𖠏;U+1680F;Bamoun;bamoun historique
16274;𖠐;U+16810;Bamoun;bamoun historique
16275;𖠑;U+16811;Bamoun;bamoun historique
16276;𖠒;U+16812;Bamoun;bamoun historique
16277;𖠓;U+16813;Bamoun;bamoun historique
16278;𖠔;U+16814;Bamoun;bamoun historique
16279;𖠕;U+16815;Bamoun;bamoun historique
16280;𖠖;U+16816;Bamoun;bamoun historique
16281;𖠗;U+16817;Bamoun;bamoun historique
16282;𖠘;U+16818;Bamoun;bamoun historique
16283;𖠙;U+16819;Bamoun;bamoun historique
16284;𖠚;U+1681A;Bamoun;bamoun historique
16285;𖠛;U+1681B;Bamoun;bamoun historique
16286;𖠜;U+1681C;Bamoun;bamoun historique
16287;𖠝;U+1681D;Bamoun;bamoun historique
16288;𖠞;U+1681E;Bamoun;bamoun historique
16289;𖠟;U+1681F;Bamoun;bamoun historique
16290;𖠠;U+16820;Bamoun;bamoun historique
16291;𖠡;U+16821;Bamoun;bamoun historique
16292;𖠢;U+16822;Bamoun;bamoun historique
16293;𖠣;U+16823;Bamoun;bamoun historique
16294;𖠤;U+16824;Bamoun;bamoun historique
16295;𖠥;U+16825;Bamoun;bamoun historique
16296;𖠦;U+16826;Bamoun;bamoun historique
16297;𖠧;U+16827;Bamoun;bamoun historique
16298;𖠨;U+16828;Bamoun;bamoun historique
16299;𖠩;U+16829;Bamoun;bamoun historique
16300;𖠪;U+1682A;Bamoun;bamoun historique
16301;𖠫;U+1682B;Bamoun;bamoun historique
16302;𖠬;U+1682C;Bamoun;bamoun historique
16303;𖠭;U+1682D;Bamoun;bamoun historique
16304;𖠮;U+1682E;Bamoun;bamoun historique
16305;𖠯;U+1682F;Bamoun;bamoun historique
16306;𖠰;U+16830;Bamoun;bamoun historique
16307;𖠱;U+16831;Bamoun;bamoun historique
16308;𖠲;U+16832;Bamoun;bamoun historique
16309;𖠳;U+16833;Bamoun;bamoun historique
16310;𖠴;U+16834;Bamoun;bamoun historique
16311;𖠵;U+16835;Bamoun;bamoun historique
16312;𖠶;U+16836;Bamoun;bamoun historique
16313;𖠷;U+16837;Bamoun;bamoun historique
16314;𖠸;U+16838;Bamoun;bamoun historique
16315;𖠹;U+16839;Bamoun;bamoun historique
16316;𖠺;U+1683A;Bamoun;bamoun historique
16317;𖠻;U+1683B;Bamoun;bamoun historique
16318;𖠼;U+1683C;Bamoun;bamoun historique
16319;𖠽;U+1683D;Bamoun;bamoun historique
16320;𖠾;U+1683E;Bamoun;bamoun historique
16321;𖠿;U+1683F;Bamoun;bamoun historique
16322;𖡀;U+16840;Bamoun;bamoun historique
16323;𖡁;U+16841;Bamoun;bamoun historique
16324;𖡂;U+16842;Bamoun;bamoun historique
16325;𖡃;U+16843;Bamoun;bamoun historique
16326;𖡄;U+16844;Bamoun;bamoun historique
16327;𖡅;U+16845;Bamoun;bamoun historique
16328;𖡆;U+16846;Bamoun;bamoun historique
16329;𖡇;U+16847;Bamoun;bamoun historique
16330;𖡈;U+16848;Bamoun;bamoun historique
16331;𖡉;U+16849;Bamoun;bamoun historique
16332;𖡊;U+1684A;Bamoun;bamoun historique
16333;𖡋;U+1684B;Bamoun;bamoun historique
16334;𖡌;U+1684C;Bamoun;bamoun historique
16335;𖡍;U+1684D;Bamoun;bamoun historique
16336;𖡎;U+1684E;Bamoun;bamoun historique
16337;𖡏;U+1684F;Bamoun;bamoun historique
16338;𖡐;U+16850;Bamoun;bamoun historique
16339;𖡑;U+16851;Bamoun;bamoun historique
16340;𖡒;U+16852;Bamoun;bamoun historique
16341;𖡓;U+16853;Bamoun;bamoun historique
16342;𖡔;U+16854;Bamoun;bamoun historique
16343;𖡕;U+16855;Bamoun;bamoun historique
16344;𖡖;U+16856;Bamoun;bamoun historique
16345;𖡗;U+16857;Bamoun;bamoun historique
16346;𖡘;U+16858;Bamoun;bamoun historique
16347;𖡙;U+16859;Bamoun;bamoun historique
16348;𖡚;U+1685A;Bamoun;bamoun historique
16349;𖡛;U+1685B;Bamoun;bamoun historique
16350;𖡜;U+1685C;Bamoun;bamoun historique
16351;𖡝;U+1685D;Bamoun;bamoun historique
16352;𖡞;U+1685E;Bamoun;bamoun historique
16353;𖡟;U+1685F;Bamoun;bamoun historique
16354;𖡠;U+16860;Bamoun;bamoun historique
16355;𖡡;U+16861;Bamoun;bamoun historique
16356;𖡢;U+16862;Bamoun;bamoun historique
16357;𖡣;U+16863;Bamoun;bamoun historique
16358;𖡤;U+16864;Bamoun;bamoun historique
16359;𖡥;U+16865;Bamoun;bamoun historique
16360;𖡦;U+16866;Bamoun;bamoun historique
16361;𖡧;U+16867;Bamoun;bamoun historique
16362;𖡨;U+16868;Bamoun;bamoun historique
16363;𖡩;U+16869;Bamoun;bamoun historique
16364;𖡪;U+1686A;Bamoun;bamoun historique
16365;𖡫;U+1686B;Bamoun;bamoun historique
16366;𖡬;U+1686C;Bamoun;bamoun historique
16367;𖡭;U+1686D;Bamoun;bamoun historique
16368;𖡮;U+1686E;Bamoun;bamoun historique
16369;𖡯;U+1686F;Bamoun;bamoun historique
16370;𖡰;U+16870;Bamoun;bamoun historique
16371;𖡱;U+16871;Bamoun;bamoun historique
16372;𖡲;U+16872;Bamoun;bamoun historique
16373;𖡳;U+16873;Bamoun;bamoun historique
16374;𖡴;U+16874;Bamoun;bamoun historique
16375;𖡵;U+16875;Bamoun;bamoun historique
16376;𖡶;U+16876;Bamoun;bamoun historique
16377;𖡷;U+16877;Bamoun;bamoun historique
16378;𖡸;U+16878;Bamoun;bamoun historique
16379;𖡹;U+16879;Bamoun;bamoun historique
16380;𖡺;U+1687A;Bamoun;bamoun historique
16381;𖡻;U+1687B;Bamoun;bamoun historique
16382;𖡼;U+1687C;Bamoun;bamoun historique
16383;𖡽;U+1687D;Bamoun;bamoun historique
16384;𖡾;U+1687E;Bamoun;bamoun historique
16385;𖡿;U+1687F;Bamoun;bamoun historique
16386;𖢀;U+16880;Bamoun;bamoun historique
16387;𖢁;U+16881;Bamoun;bamoun historique
16388;𖢂;U+16882;Bamoun;bamoun historique
16389;𖢃;U+16883;Bamoun;bamoun historique
16390;𖢄;U+16884;Bamoun;bamoun historique
16391;𖢅;U+16885;Bamoun;bamoun historique
16392;𖢆;U+16886;Bamoun;bamoun historique
16393;𖢇;U+16887;Bamoun;bamoun historique
16394;𖢈;U+16888;Bamoun;bamoun historique
16395;𖢉;U+16889;Bamoun;bamoun historique
16396;𖢊;U+1688A;Bamoun;bamoun historique
16397;𖢋;U+1688B;Bamoun;bamoun historique
16398;𖢌;U+1688C;Bamoun;bamoun historique
16399;𖢍;U+1688D;Bamoun;bamoun historique
16400;𖢎;U+1688E;Bamoun;bamoun historique
16401;𖢏;U+1688F;Bamoun;bamoun historique
16402;𖢐;U+16890;Bamoun;bamoun historique
16403;𖢑;U+16891;Bamoun;bamoun historique
16404;𖢒;U+16892;Bamoun;bamoun historique
16405;𖢓;U+16893;Bamoun;bamoun historique
16406;𖢔;U+16894;Bamoun;bamoun historique
16407;𖢕;U+16895;Bamoun;bamoun historique
16408;𖢖;U+16896;Bamoun;bamoun historique
16409;𖢗;U+16897;Bamoun;bamoun historique
16410;𖢘;U+16898;Bamoun;bamoun historique
16411;𖢙;U+16899;Bamoun;bamoun historique
16412;𖢚;U+1689A;Bamoun;bamoun historique
16413;𖢛;U+1689B;Bamoun;bamoun historique
16414;𖢜;U+1689C;Bamoun;bamoun historique
16415;𖢝;U+1689D;Bamoun;bamoun historique
16416;𖢞;U+1689E;Bamoun;bamoun historique
16417;𖢟;U+1689F;Bamoun;bamoun historique
16418;𖢠;U+168A0;Bamoun;bamoun historique
16419;𖢡;U+168A1;Bamoun;bamoun historique
16420;𖢢;U+168A2;Bamoun;bamoun historique
16421;𖢣;U+168A3;Bamoun;bamoun historique
16422;𖢤;U+168A4;Bamoun;bamoun historique
16423;𖢥;U+168A5;Bamoun;bamoun historique
16424;𖢦;U+168A6;Bamoun;bamoun historique
16425;𖢧;U+168A7;Bamoun;bamoun historique
16426;𖢨;U+168A8;Bamoun;bamoun historique
16427;𖢩;U+168A9;Bamoun;bamoun historique
16428;𖢪;U+168AA;Bamoun;bamoun historique
16429;𖢫;U+168AB;Bamoun;bamoun historique
16430;𖢬;U+168AC;Bamoun;bamoun historique
16431;𖢭;U+168AD;Bamoun;bamoun historique
16432;𖢮;U+168AE;Bamoun;bamoun historique
16433;𖢯;U+168AF;Bamoun;bamoun historique
16434;𖢰;U+168B0;Bamoun;bamoun historique
16435;𖢱;U+168B1;Bamoun;bamoun historique
16436;𖢲;U+168B2;Bamoun;bamoun historique
16437;𖢳;U+168B3;Bamoun;bamoun historique
16438;𖢴;U+168B4;Bamoun;bamoun historique
16439;𖢵;U+168B5;Bamoun;bamoun historique
16440;𖢶;U+168B6;Bamoun;bamoun historique
16441;𖢷;U+168B7;Bamoun;bamoun historique
16442;𖢸;U+168B8;Bamoun;bamoun historique
16443;𖢹;U+168B9;Bamoun;bamoun historique
16444;𖢺;U+168BA;Bamoun;bamoun historique
16445;𖢻;U+168BB;Bamoun;bamoun historique
16446;𖢼;U+168BC;Bamoun;bamoun historique
16447;𖢽;U+168BD;Bamoun;bamoun historique
16448;𖢾;U+168BE;Bamoun;bamoun historique
16449;𖢿;U+168BF;Bamoun;bamoun historique
16450;𖣀;U+168C0;Bamoun;bamoun historique
16451;𖣁;U+168C1;Bamoun;bamoun historique
16452;𖣂;U+168C2;Bamoun;bamoun historique
16453;𖣃;U+168C3;Bamoun;bamoun historique
16454;𖣄;U+168C4;Bamoun;bamoun historique
16455;𖣅;U+168C5;Bamoun;bamoun historique
16456;𖣆;U+168C6;Bamoun;bamoun historique
16457;𖣇;U+168C7;Bamoun;bamoun historique
16458;𖣈;U+168C8;Bamoun;bamoun historique
16459;𖣉;U+168C9;Bamoun;bamoun historique
16460;𖣊;U+168CA;Bamoun;bamoun historique
16461;𖣋;U+168CB;Bamoun;bamoun historique
16462;𖣌;U+168CC;Bamoun;bamoun historique
16463;𖣍;U+168CD;Bamoun;bamoun historique
16464;𖣎;U+168CE;Bamoun;bamoun historique
16465;𖣏;U+168CF;Bamoun;bamoun historique
16466;𖣐;U+168D0;Bamoun;bamoun historique
16467;𖣑;U+168D1;Bamoun;bamoun historique
16468;𖣒;U+168D2;Bamoun;bamoun historique
16469;𖣓;U+168D3;Bamoun;bamoun historique
16470;𖣔;U+168D4;Bamoun;bamoun historique
16471;𖣕;U+168D5;Bamoun;bamoun historique
16472;𖣖;U+168D6;Bamoun;bamoun historique
16473;𖣗;U+168D7;Bamoun;bamoun historique
16474;𖣘;U+168D8;Bamoun;bamoun historique
16475;𖣙;U+168D9;Bamoun;bamoun historique
16476;𖣚;U+168DA;Bamoun;bamoun historique
16477;𖣛;U+168DB;Bamoun;bamoun historique
16478;𖣜;U+168DC;Bamoun;bamoun historique
16479;𖣝;U+168DD;Bamoun;bamoun historique
16480;𖣞;U+168DE;Bamoun;bamoun historique
16481;𖣟;U+168DF;Bamoun;bamoun historique
16482;𖣠;U+168E0;Bamoun;bamoun historique
16483;𖣡;U+168E1;Bamoun;bamoun historique
16484;𖣢;U+168E2;Bamoun;bamoun historique
16485;𖣣;U+168E3;Bamoun;bamoun historique
16486;𖣤;U+168E4;Bamoun;bamoun historique
16487;𖣥;U+168E5;Bamoun;bamoun historique
16488;𖣦;U+168E6;Bamoun;bamoun historique
16489;𖣧;U+168E7;Bamoun;bamoun historique
16490;𖣨;U+168E8;Bamoun;bamoun historique
16491;𖣩;U+168E9;Bamoun;bamoun historique
16492;𖣪;U+168EA;Bamoun;bamoun historique
16493;𖣫;U+168EB;Bamoun;bamoun historique
16494;𖣬;U+168EC;Bamoun;bamoun historique
16495;𖣭;U+168ED;Bamoun;bamoun historique
16496;𖣮;U+168EE;Bamoun;bamoun historique
16497;𖣯;U+168EF;Bamoun;bamoun historique
16498;𖣰;U+168F0;Bamoun;bamoun historique
16499;𖣱;U+168F1;Bamoun;bamoun historique
16500;𖣲;U+168F2;Bamoun;bamoun historique
16501;𖣳;U+168F3;Bamoun;bamoun historique
16502;𖣴;U+168F4;Bamoun;bamoun historique
16503;𖣵;U+168F5;Bamoun;bamoun historique
16504;𖣶;U+168F6;Bamoun;bamoun historique
16505;𖣷;U+168F7;Bamoun;bamoun historique
16506;𖣸;U+168F8;Bamoun;bamoun historique
16507;𖣹;U+168F9;Bamoun;bamoun historique
16508;𖣺;U+168FA;Bamoun;bamoun historique
16509;𖣻;U+168FB;Bamoun;bamoun historique
16510;𖣼;U+168FC;Bamoun;bamoun historique
16511;𖣽;U+168FD;Bamoun;bamoun historique
16512;𖣾;U+168FE;Bamoun;bamoun historique
16513;𖣿;U+168FF;Bamoun;bamoun historique
16514;𖤀;U+16900;Bamoun;bamoun historique
16515;𖤁;U+16901;Bamoun;bamoun historique
16516;𖤂;U+16902;Bamoun;bamoun historique
16517;𖤃;U+16903;Bamoun;bamoun historique
16518;𖤄;U+16904;Bamoun;bamoun historique
16519;𖤅;U+16905;Bamoun;bamoun historique
16520;𖤆;U+16906;Bamoun;bamoun historique
16521;𖤇;U+16907;Bamoun;bamoun historique
16522;𖤈;U+16908;Bamoun;bamoun historique
16523;𖤉;U+16909;Bamoun;bamoun historique
16524;𖤊;U+1690A;Bamoun;bamoun historique
16525;𖤋;U+1690B;Bamoun;bamoun historique
16526;𖤌;U+1690C;Bamoun;bamoun historique
16527;𖤍;U+1690D;Bamoun;bamoun historique
16528;𖤎;U+1690E;Bamoun;bamoun historique
16529;𖤏;U+1690F;Bamoun;bamoun historique
16530;𖤐;U+16910;Bamoun;bamoun historique
16531;𖤑;U+16911;Bamoun;bamoun historique
16532;𖤒;U+16912;Bamoun;bamoun historique
16533;𖤓;U+16913;Bamoun;bamoun historique
16534;𖤔;U+16914;Bamoun;bamoun historique
16535;𖤕;U+16915;Bamoun;bamoun historique
16536;𖤖;U+16916;Bamoun;bamoun historique
16537;𖤗;U+16917;Bamoun;bamoun historique
16538;𖤘;U+16918;Bamoun;bamoun historique
16539;𖤙;U+16919;Bamoun;bamoun historique
16540;𖤚;U+1691A;Bamoun;bamoun historique
16541;𖤛;U+1691B;Bamoun;bamoun historique
16542;𖤜;U+1691C;Bamoun;bamoun historique
16543;𖤝;U+1691D;Bamoun;bamoun historique
16544;𖤞;U+1691E;Bamoun;bamoun historique
16545;𖤟;U+1691F;Bamoun;bamoun historique
16546;𖤠;U+16920;Bamoun;bamoun historique
16547;𖤡;U+16921;Bamoun;bamoun historique
16548;𖤢;U+16922;Bamoun;bamoun historique
16549;𖤣;U+16923;Bamoun;bamoun historique
16550;𖤤;U+16924;Bamoun;bamoun historique
16551;𖤥;U+16925;Bamoun;bamoun historique
16552;𖤦;U+16926;Bamoun;bamoun historique
16553;𖤧;U+16927;Bamoun;bamoun historique
16554;𖤨;U+16928;Bamoun;bamoun historique
16555;𖤩;U+16929;Bamoun;bamoun historique
16556;𖤪;U+1692A;Bamoun;bamoun historique
16557;𖤫;U+1692B;Bamoun;bamoun historique
16558;𖤬;U+1692C;Bamoun;bamoun historique
16559;𖤭;U+1692D;Bamoun;bamoun historique
16560;𖤮;U+1692E;Bamoun;bamoun historique
16561;𖤯;U+1692F;Bamoun;bamoun historique
16562;𖤰;U+16930;Bamoun;bamoun historique
16563;𖤱;U+16931;Bamoun;bamoun historique
16564;𖤲;U+16932;Bamoun;bamoun historique
16565;𖤳;U+16933;Bamoun;bamoun historique
16566;𖤴;U+16934;Bamoun;bamoun historique
16567;𖤵;U+16935;Bamoun;bamoun historique
16568;𖤶;U+16936;Bamoun;bamoun historique
16569;𖤷;U+16937;Bamoun;bamoun historique
16570;𖤸;U+16938;Bamoun;bamoun historique
16571;𖤹;U+16939;Bamoun;bamoun historique
16572;𖤺;U+1693A;Bamoun;bamoun historique
16573;𖤻;U+1693B;Bamoun;bamoun historique
16574;𖤼;U+1693C;Bamoun;bamoun historique
16575;𖤽;U+1693D;Bamoun;bamoun historique
16576;𖤾;U+1693E;Bamoun;bamoun historique
16577;𖤿;U+1693F;Bamoun;bamoun historique
16578;𖥀;U+16940;Bamoun;bamoun historique
16579;𖥁;U+16941;Bamoun;bamoun historique
16580;𖥂;U+16942;Bamoun;bamoun historique
16581;𖥃;U+16943;Bamoun;bamoun historique
16582;𖥄;U+16944;Bamoun;bamoun historique
16583;𖥅;U+16945;Bamoun;bamoun historique
16584;𖥆;U+16946;Bamoun;bamoun historique
16585;𖥇;U+16947;Bamoun;bamoun historique
16586;𖥈;U+16948;Bamoun;bamoun historique
16587;𖥉;U+16949;Bamoun;bamoun historique
16588;𖥊;U+1694A;Bamoun;bamoun historique
16589;𖥋;U+1694B;Bamoun;bamoun historique
16590;𖥌;U+1694C;Bamoun;bamoun historique
16591;𖥍;U+1694D;Bamoun;bamoun historique
16592;𖥎;U+1694E;Bamoun;bamoun historique
16593;𖥏;U+1694F;Bamoun;bamoun historique
16594;𖥐;U+16950;Bamoun;bamoun historique
16595;𖥑;U+16951;Bamoun;bamoun historique
16596;𖥒;U+16952;Bamoun;bamoun historique
16597;𖥓;U+16953;Bamoun;bamoun historique
16598;𖥔;U+16954;Bamoun;bamoun historique
16599;𖥕;U+16955;Bamoun;bamoun historique
16600;𖥖;U+16956;Bamoun;bamoun historique
16601;𖥗;U+16957;Bamoun;bamoun historique
16602;𖥘;U+16958;Bamoun;bamoun historique
16603;𖥙;U+16959;Bamoun;bamoun historique
16604;𖥚;U+1695A;Bamoun;bamoun historique
16605;𖥛;U+1695B;Bamoun;bamoun historique
16606;𖥜;U+1695C;Bamoun;bamoun historique
16607;𖥝;U+1695D;Bamoun;bamoun historique
16608;𖥞;U+1695E;Bamoun;bamoun historique
16609;𖥟;U+1695F;Bamoun;bamoun historique
16610;𖥠;U+16960;Bamoun;bamoun historique
16611;𖥡;U+16961;Bamoun;bamoun historique
16612;𖥢;U+16962;Bamoun;bamoun historique
16613;𖥣;U+16963;Bamoun;bamoun historique
16614;𖥤;U+16964;Bamoun;bamoun historique
16615;𖥥;U+16965;Bamoun;bamoun historique
16616;𖥦;U+16966;Bamoun;bamoun historique
16617;𖥧;U+16967;Bamoun;bamoun historique
16618;𖥨;U+16968;Bamoun;bamoun historique
16619;𖥩;U+16969;Bamoun;bamoun historique
16620;𖥪;U+1696A;Bamoun;bamoun historique
16621;𖥫;U+1696B;Bamoun;bamoun historique
16622;𖥬;U+1696C;Bamoun;bamoun historique
16623;𖥭;U+1696D;Bamoun;bamoun historique
16624;𖥮;U+1696E;Bamoun;bamoun historique
16625;𖥯;U+1696F;Bamoun;bamoun historique
16626;𖥰;U+16970;Bamoun;bamoun historique
16627;𖥱;U+16971;Bamoun;bamoun historique
16628;𖥲;U+16972;Bamoun;bamoun historique
16629;𖥳;U+16973;Bamoun;bamoun historique
16630;𖥴;U+16974;Bamoun;bamoun historique
16631;𖥵;U+16975;Bamoun;bamoun historique
16632;𖥶;U+16976;Bamoun;bamoun historique
16633;𖥷;U+16977;Bamoun;bamoun historique
16634;𖥸;U+16978;Bamoun;bamoun historique
16635;𖥹;U+16979;Bamoun;bamoun historique
16636;𖥺;U+1697A;Bamoun;bamoun historique
16637;𖥻;U+1697B;Bamoun;bamoun historique
16638;𖥼;U+1697C;Bamoun;bamoun historique
16639;𖥽;U+1697D;Bamoun;bamoun historique
16640;𖥾;U+1697E;Bamoun;bamoun historique
16641;𖥿;U+1697F;Bamoun;bamoun historique
16642;𖦀;U+16980;Bamoun;bamoun historique
16643;𖦁;U+16981;Bamoun;bamoun historique
16644;𖦂;U+16982;Bamoun;bamoun historique
16645;𖦃;U+16983;Bamoun;bamoun historique
16646;𖦄;U+16984;Bamoun;bamoun historique
16647;𖦅;U+16985;Bamoun;bamoun historique
16648;𖦆;U+16986;Bamoun;bamoun historique
16649;𖦇;U+16987;Bamoun;bamoun historique
16650;𖦈;U+16988;Bamoun;bamoun historique
16651;𖦉;U+16989;Bamoun;bamoun historique
16652;𖦊;U+1698A;Bamoun;bamoun historique
16653;𖦋;U+1698B;Bamoun;bamoun historique
16654;𖦌;U+1698C;Bamoun;bamoun historique
16655;𖦍;U+1698D;Bamoun;bamoun historique
16656;𖦎;U+1698E;Bamoun;bamoun historique
16657;𖦏;U+1698F;Bamoun;bamoun historique
16658;𖦐;U+16990;Bamoun;bamoun historique
16659;𖦑;U+16991;Bamoun;bamoun historique
16660;𖦒;U+16992;Bamoun;bamoun historique
16661;𖦓;U+16993;Bamoun;bamoun historique
16662;𖦔;U+16994;Bamoun;bamoun historique
16663;𖦕;U+16995;Bamoun;bamoun historique
16664;𖦖;U+16996;Bamoun;bamoun historique
16665;𖦗;U+16997;Bamoun;bamoun historique
16666;𖦘;U+16998;Bamoun;bamoun historique
16667;𖦙;U+16999;Bamoun;bamoun historique
16668;𖦚;U+1699A;Bamoun;bamoun historique
16669;𖦛;U+1699B;Bamoun;bamoun historique
16670;𖦜;U+1699C;Bamoun;bamoun historique
16671;𖦝;U+1699D;Bamoun;bamoun historique
16672;𖦞;U+1699E;Bamoun;bamoun historique
16673;𖦟;U+1699F;Bamoun;bamoun historique
16674;𖦠;U+169A0;Bamoun;bamoun historique
16675;𖦡;U+169A1;Bamoun;bamoun historique
16676;𖦢;U+169A2;Bamoun;bamoun historique
16677;𖦣;U+169A3;Bamoun;bamoun historique
16678;𖦤;U+169A4;Bamoun;bamoun historique
16679;𖦥;U+169A5;Bamoun;bamoun historique
16680;𖦦;U+169A6;Bamoun;bamoun historique
16681;𖦧;U+169A7;Bamoun;bamoun historique
16682;𖦨;U+169A8;Bamoun;bamoun historique
16683;𖦩;U+169A9;Bamoun;bamoun historique
16684;𖦪;U+169AA;Bamoun;bamoun historique
16685;𖦫;U+169AB;Bamoun;bamoun historique
16686;𖦬;U+169AC;Bamoun;bamoun historique
16687;𖦭;U+169AD;Bamoun;bamoun historique
16688;𖦮;U+169AE;Bamoun;bamoun historique
16689;𖦯;U+169AF;Bamoun;bamoun historique
16690;𖦰;U+169B0;Bamoun;bamoun historique
16691;𖦱;U+169B1;Bamoun;bamoun historique
16692;𖦲;U+169B2;Bamoun;bamoun historique
16693;𖦳;U+169B3;Bamoun;bamoun historique
16694;𖦴;U+169B4;Bamoun;bamoun historique
16695;𖦵;U+169B5;Bamoun;bamoun historique
16696;𖦶;U+169B6;Bamoun;bamoun historique
16697;𖦷;U+169B7;Bamoun;bamoun historique
16698;𖦸;U+169B8;Bamoun;bamoun historique
16699;𖦹;U+169B9;Bamoun;bamoun historique
16700;𖦺;U+169BA;Bamoun;bamoun historique
16701;𖦻;U+169BB;Bamoun;bamoun historique
16702;𖦼;U+169BC;Bamoun;bamoun historique
16703;𖦽;U+169BD;Bamoun;bamoun historique
16704;𖦾;U+169BE;Bamoun;bamoun historique
16705;𖦿;U+169BF;Bamoun;bamoun historique
16706;𖧀;U+169C0;Bamoun;bamoun historique
16707;𖧁;U+169C1;Bamoun;bamoun historique
16708;𖧂;U+169C2;Bamoun;bamoun historique
16709;𖧃;U+169C3;Bamoun;bamoun historique
16710;𖧄;U+169C4;Bamoun;bamoun historique
16711;𖧅;U+169C5;Bamoun;bamoun historique
16712;𖧆;U+169C6;Bamoun;bamoun historique
16713;𖧇;U+169C7;Bamoun;bamoun historique
16714;𖧈;U+169C8;Bamoun;bamoun historique
16715;𖧉;U+169C9;Bamoun;bamoun historique
16716;𖧊;U+169CA;Bamoun;bamoun historique
16717;𖧋;U+169CB;Bamoun;bamoun historique
16718;𖧌;U+169CC;Bamoun;bamoun historique
16719;𖧍;U+169CD;Bamoun;bamoun historique
16720;𖧎;U+169CE;Bamoun;bamoun historique
16721;𖧏;U+169CF;Bamoun;bamoun historique
16722;𖧐;U+169D0;Bamoun;bamoun historique
16723;𖧑;U+169D1;Bamoun;bamoun historique
16724;𖧒;U+169D2;Bamoun;bamoun historique
16725;𖧓;U+169D3;Bamoun;bamoun historique
16726;𖧔;U+169D4;Bamoun;bamoun historique
16727;𖧕;U+169D5;Bamoun;bamoun historique
16728;𖧖;U+169D6;Bamoun;bamoun historique
16729;𖧗;U+169D7;Bamoun;bamoun historique
16730;𖧘;U+169D8;Bamoun;bamoun historique
16731;𖧙;U+169D9;Bamoun;bamoun historique
16732;𖧚;U+169DA;Bamoun;bamoun historique
16733;𖧛;U+169DB;Bamoun;bamoun historique
16734;𖧜;U+169DC;Bamoun;bamoun historique
16735;𖧝;U+169DD;Bamoun;bamoun historique
16736;𖧞;U+169DE;Bamoun;bamoun historique
16737;𖧟;U+169DF;Bamoun;bamoun historique
16738;𖧠;U+169E0;Bamoun;bamoun historique
16739;𖧡;U+169E1;Bamoun;bamoun historique
16740;𖧢;U+169E2;Bamoun;bamoun historique
16741;𖧣;U+169E3;Bamoun;bamoun historique
16742;𖧤;U+169E4;Bamoun;bamoun historique
16743;𖧥;U+169E5;Bamoun;bamoun historique
16744;𖧦;U+169E6;Bamoun;bamoun historique
16745;𖧧;U+169E7;Bamoun;bamoun historique
16746;𖧨;U+169E8;Bamoun;bamoun historique
16747;𖧩;U+169E9;Bamoun;bamoun historique
16748;𖧪;U+169EA;Bamoun;bamoun historique
16749;𖧫;U+169EB;Bamoun;bamoun historique
16750;𖧬;U+169EC;Bamoun;bamoun historique
16751;𖧭;U+169ED;Bamoun;bamoun historique
16752;𖧮;U+169EE;Bamoun;bamoun historique
16753;𖧯;U+169EF;Bamoun;bamoun historique
16754;𖧰;U+169F0;Bamoun;bamoun historique
16755;𖧱;U+169F1;Bamoun;bamoun historique
16756;𖧲;U+169F2;Bamoun;bamoun historique
16757;𖧳;U+169F3;Bamoun;bamoun historique
16758;𖧴;U+169F4;Bamoun;bamoun historique
16759;𖧵;U+169F5;Bamoun;bamoun historique
16760;𖧶;U+169F6;Bamoun;bamoun historique
16761;𖧷;U+169F7;Bamoun;bamoun historique
16762;𖧸;U+169F8;Bamoun;bamoun historique
16763;𖧹;U+169F9;Bamoun;bamoun historique
16764;𖧺;U+169FA;Bamoun;bamoun historique
16765;𖧻;U+169FB;Bamoun;bamoun historique
16766;𖧼;U+169FC;Bamoun;bamoun historique
16767;𖧽;U+169FD;Bamoun;bamoun historique
16768;𖧾;U+169FE;Bamoun;bamoun historique
16769;𖧿;U+169FF;Bamoun;bamoun historique
16770;𖨀;U+16A00;Bamoun;bamoun historique
16771;𖨁;U+16A01;Bamoun;bamoun historique
16772;𖨂;U+16A02;Bamoun;bamoun historique
16773;𖨃;U+16A03;Bamoun;bamoun historique
16774;𖨄;U+16A04;Bamoun;bamoun historique
16775;𖨅;U+16A05;Bamoun;bamoun historique
16776;𖨆;U+16A06;Bamoun;bamoun historique
16777;𖨇;U+16A07;Bamoun;bamoun historique
16778;𖨈;U+16A08;Bamoun;bamoun historique
16779;𖨉;U+16A09;Bamoun;bamoun historique
16780;𖨊;U+16A0A;Bamoun;bamoun historique
16781;𖨋;U+16A0B;Bamoun;bamoun historique
16782;𖨌;U+16A0C;Bamoun;bamoun historique
16783;𖨍;U+16A0D;Bamoun;bamoun historique
16784;𖨎;U+16A0E;Bamoun;bamoun historique
16785;𖨏;U+16A0F;Bamoun;bamoun historique
16786;𖨐;U+16A10;Bamoun;bamoun historique
16787;𖨑;U+16A11;Bamoun;bamoun historique
16788;𖨒;U+16A12;Bamoun;bamoun historique
16789;𖨓;U+16A13;Bamoun;bamoun historique
16790;𖨔;U+16A14;Bamoun;bamoun historique
16791;𖨕;U+16A15;Bamoun;bamoun historique
16792;𖨖;U+16A16;Bamoun;bamoun historique
16793;𖨗;U+16A17;Bamoun;bamoun historique
16794;𖨘;U+16A18;Bamoun;bamoun historique
16795;𖨙;U+16A19;Bamoun;bamoun historique
16796;𖨚;U+16A1A;Bamoun;bamoun historique
16797;𖨛;U+16A1B;Bamoun;bamoun historique
16798;𖨜;U+16A1C;Bamoun;bamoun historique
16799;𖨝;U+16A1D;Bamoun;bamoun historique
16800;𖨞;U+16A1E;Bamoun;bamoun historique
16801;𖨟;U+16A1F;Bamoun;bamoun historique
16802;𖨠;U+16A20;Bamoun;bamoun historique
16803;𖨡;U+16A21;Bamoun;bamoun historique
16804;𖨢;U+16A22;Bamoun;bamoun historique
16805;𖨣;U+16A23;Bamoun;bamoun historique
16806;𖨤;U+16A24;Bamoun;bamoun historique
16807;𖨥;U+16A25;Bamoun;bamoun historique
16808;𖨦;U+16A26;Bamoun;bamoun historique
16809;𖨧;U+16A27;Bamoun;bamoun historique
16810;𖨨;U+16A28;Bamoun;bamoun historique
16811;𖨩;U+16A29;Bamoun;bamoun historique
16812;𖨪;U+16A2A;Bamoun;bamoun historique
16813;𖨫;U+16A2B;Bamoun;bamoun historique
16814;𖨬;U+16A2C;Bamoun;bamoun historique
16815;𖨭;U+16A2D;Bamoun;bamoun historique
16816;𖨮;U+16A2E;Bamoun;bamoun historique
16817;𖨯;U+16A2F;Bamoun;bamoun historique
16818;𖨰;U+16A30;Bamoun;bamoun historique
16819;𖨱;U+16A31;Bamoun;bamoun historique
16820;𖨲;U+16A32;Bamoun;bamoun historique
16821;𖨳;U+16A33;Bamoun;bamoun historique
16822;𖨴;U+16A34;Bamoun;bamoun historique
16823;𖨵;U+16A35;Bamoun;bamoun historique
16824;𖨶;U+16A36;Bamoun;bamoun historique
16825;𖨷;U+16A37;Bamoun;bamoun historique
16826;𖨸;U+16A38;Bamoun;bamoun historique
16947;ড়;U+09DC;Bengali;doublon NFC
16948;ঢ়;U+09DD;Bengali;doublon NFC
16949;য়;U+09DF;Bengali;doublon NFC
17837;ਲ਼;U+0A33;Gourmoukhî;doublon NFC
17839;ਸ਼;U+0A36;Gourmoukhî;doublon NFC
17854;ਖ਼;U+0A59;Gourmoukhî;doublon NFC
17855;ਗ਼;U+0A5A;Gourmoukhî;doublon NFC
17856;ਜ਼;U+0A5B;Gourmoukhî;doublon NFC
17858;ਫ਼;U+0A5E;Gourmoukhî;doublon NFC
19559;ଡ଼;U+0B5C;Odia;doublon NFC
19560;ଢ଼;U+0B5D;Odia;doublon NFC
21258;གྷ;U+0F43;Tibétain;doublon NFC
21267;ཌྷ;U+0F4D;Tibétain;doublon NFC
21272;དྷ;U+0F52;Tibétain;doublon NFC
21277;བྷ;U+0F57;Tibétain;doublon NFC
21282;ཛྷ;U+0F5C;Tibétain;doublon NFC
21295;ཀྵ;U+0F69;Tibétain;doublon NFC
21301;ཱི;U+0F73;Tibétain;doublon NFC
21303;ཱུ;U+0F75;Tibétain;doublon NFC
21304;ྲྀ;U+0F76;Tibétain;doublon NFC
21306;ླྀ;U+0F78;Tibétain;doublon NFC
21315;ཱྀ;U+0F81;Tibétain;doublon NFC
21333;ྒྷ;U+0F93;Tibétain;doublon NFC
21342;ྜྷ;U+0F9D;Tibétain;doublon NFC
21347;ྡྷ;U+0FA2;Tibétain;doublon NFC
21352;ྦྷ;U+0FA7;Tibétain;doublon NFC
21357;ྫྷ;U+0FAC;Tibétain;doublon NFC
21370;ྐྵ;U+0FB9;Tibétain;doublon NFC
23695;·;U+0387;Ponctuation;doublon NFC
23947;̀;U+0340;Marques combinantes;doublon NFC
23948;́;U+0341;Marques combinantes;doublon NFC
23950;̓;U+0343;Marques combinantes;doublon NFC
23951;̈́;U+0344;Marques combinantes;doublon NFC
23995;ʹ;U+0374;Marques combinantes;doublon NFC
